Dimension,Web-Based Chat,Agentic AI
Objective,Produces a relevant text response to the current prompt,Completes an external goal across many steps 
Interaction pattern,Turn-based question and answer in a browser session ,Perceive-plan-act-observe loop until a stopping condition
Initiative,Reactive; waits for the user ,Proactive; decomposes goals and starts sub-tasks  
Tool and environment action,Text only by default; browsing or files when added ,Native tool calls plus APIs code execution and instrument control
Planning,Implicit single-response reasoning ,Explicit task decomposition reflection and re-planning 
Memory and state,Short dialogue context with limited persistence ,Long-term memory stored plans and persistent agent state 
Architecture,Language model plus dialogue interface and safety filters,Language model plus planner memory tool interfaces and orchestration 
Task duration,Seconds to minutes per answer ,Minutes to hours or days of autonomous operation  
Evaluation,Response quality factuality and helpfulness ,Task completion correct tool sequences and side effects  
Risk profile,Misinformation bias and over-reliance on fluent text ,All chat risks plus incorrect actions runaway loops and unsafe tool use 